,ServiceNo,Operator,Direction,Category,OriginCode,DestinationCode,LoopDesc,StopSequence,BusStopCode,TotalDistance,WD_FirstBus,WD_LastBus,SAT_FirstBus,SAT_LastBus,SUN_FirstBus,SUN_LastBus
0,599,SMRT,1,FLAT FARE $5.00,64449.0,3218.0,No Loop,18,03218,17.5,0833,0833,-,-,-,-
1,598,SMRT,1,FLAT FARE $5.00,44859.0,3218.0,No Loop,30,03218,20.9,0845,0855,-,-,-,-
2,590,SMRT,1,FLAT FARE $5.00,45421.0,3218.0,No Loop,25,03218,26.2,0850,0900,-,-,-,-
3,589,SMRT,1,FLAT FARE $4.00,17429.0,3011.0,No Loop,20,03011,17.3,0843,0843,-,-,-,-
4,588,SMRT,1,FLAT FARE $4.00,53369.0,3218.0,No Loop,25,03218,17.0,0841,0841,-,-,-,-
5,587,SMRT,1,FLAT FARE $5.00,46861.0,3218.0,No Loop,32,03218,29.7,0853,0853,-,-,-,-
6,546,SMRT,1,FLAT FARE $3.50,60221.0,3218.0,No Loop,15,03218,8.0,0832,0832,-,-,-,-
7,531,SMRT,2,FLAT FARE $5.00,3222.0,96121.0,No Loop,33,96121,20.7,1903,1933,-,-,-,-
8,530,SMRT,1,FLAT FARE $3.50,13051.0,3218.0,No Loop,15,03218,5.4,0840,0855,-,-,-,-
9,529,SMRT,1,FLAT FARE $2.70,55509.0,55509.0,No Loop,19,55509,5.7,-,-,1518,2018,-,-
10,761,SBST,1,FLAT FARE $4.20,56251.0,3011.0,No Loop,18,03011,17.8,0836,0846,-,-,-,-
11,585,SBST,1,FLAT FARE $4.20,82009.0,3011.0,No Loop,19,03011,17.7,0832,0842,-,-,-,-
12,569,SBST,1,FLAT FARE $4.50,65009.0,3011.0,No Loop,17,03011,27.5,0838,0838,-,-,-,-
13,565,SBST,1,FLAT FARE $4.00,52471.0,3011.0,No Loop,14,03011,11.4,0828,0828,-,-,-,-
14,564,SBST,1,FLAT FARE $4.00,41119.0,3011.0,No Loop,19,03011,10.7,0829,0834,-,-,-,-
15,563,SBST,1,FLAT FARE $4.20,42011.0,3011.0,No Loop,13,03011,17.2,0845,0845,-,-,-,-
16,561,SBST,1,FLAT FARE $4.00,70059.0,3011.0,No Loop,13,03011,12.7,0829,0829,-,-,-,-
17,560,SBST,1,FLAT FARE $4.20,12169.0,3011.0,No Loop,17,03011,15.5,0825,0837,-,-,-,-
18,553,SBST,1,FLAT FARE $4.50,75009.0,3011.0,No Loop,17,03011,27.0,0844,0844,-,-,-,-
19,552,SBST,1,FLAT FARE $4.50,75009.0,3011.0,No Loop,18,03011,26.9,0845,0845,-,-,-,-
20,539,SBST,1,FLAT FARE $4.50,77009.0,3011.0,No Loop,17,03011,29.7,0832,0842,-,-,-,-
21,538,SBST,1,FLAT FARE $4.50,77009.0,3011.0,No Loop,22,03011,30.7,0832,0842,-,-,-,-
22,536,SBST,1,FLAT FARE $4.50,22009.0,3011.0,No Loop,15,03011,24.1,0837,0837,-,-,-,-
23,535,SBST,1,FLAT FARE $4.20,52371.0,3011.0,No Loop,19,03011,17.4,0843,0843,-,-,-,-
24,534,SBST,1,FLAT FARE $4.20,63219.0,3011.0,No Loop,17,03011,17.0,0850,0850,-,-,-,-
25,533,SBST,1,FLAT FARE $4.20,28009.0,3011.0,No Loop,24,03011,18.8,0821,0831,-,-,-,-
26,243,SBST,2,FEEDER,22009.0,22009.0,Jurong West Ave 5,15,22009,5.1,0548,0103,0556,0103,0554,0103
27,225,SBST,2,FEEDER,84009.0,84009.0,Bedok North St 3,8,84009,3.3,0536,0017,0534,0015,0602,0018
28,990,TTS,1,TRUNK,43009.0,43009.0,Jurong Gateway Rd,28,43009,11.5,0553,0042,0552,0040,0552,0039
29,98M,TTS,1,TRUNK,28009.0,28009.0,Corporation Rd,47,28009,18.5,1054,1755,1055,1318,1041,1702
30,98B,TTS,1,TRUNK,28501.0,21099.0,No Loop,27,21099,13.4,0629,0857,-,-,-,-
31,98A,TTS,1,TRUNK,28091.0,21179.0,No Loop,11,21179,9.0,1832,2027,-,-,-,-
32,98,TTS,1,TRUNK,28009.0,28009.0,Jurong Pier Way,68,28009,26.5,0636,0132,0632,0134,0631,0130
33,97e,TTS,2,EXPRESS,2099.0,28009.0,No Loop,29,28009,23.2,1914,2000,-,-,-,-
34,974A,TTS,1,TRUNK,44029.0,44539.0,No Loop,9,44539,3.9,2354,0124,2354,0124,2354,0124
35,974,TTS,2,TRUNK,24009.0,44031.0,No Loop,24,44031,17.3,0625,0008,0625,0007,0625,0007
36,97,TTS,2,TRUNK,2099.0,28009.0,No Loop,45,28009,23.2,0703,0053,0700,0052,0700,0051
37,96B,TTS,1,TRUNK,17009.0,17171.0,No Loop,14,17171,6.6,1634,1838,-,-,-,-
38,96A,TTS,1,TRUNK,17009.0,16169.0,No Loop,10,16169,4.2,0738,0951,-,-,-,-
39,96,TTS,1,TRUNK,17009.0,17009.0,Kent Ridge Cres,15,17009,6.8,0716,2356,0727,2355,0726,2325
40,947,TTS,1,FEEDER,43009.0,43009.0,Bt Batok Rd,14,43009,5.0,0546,0117,0547,0117,0547,0118
41,945,TTS,1,FEEDER,43009.0,43009.0,Bt Batok St 34,19,43009,7.3,0559,0128,0600,0128,0558,0128
42,941,TTS,1,FEEDER,43009.0,43009.0,Bukit Batok West Avenue 9,19,43009,6.8,0548,0125,0548,0124,0548,0124
43,79A,TTS,1,TRUNK,28009.0,22009.0,No Loop,28,22009,12.3,2305,2334,2317,2318,2319,2339
44,79,TTS,1,TRUNK,28009.0,28009.0,Jurong West Ctrl 3,55,28009,24.0,0637,2336,0640,2338,0633,2337
45,78A,TTS,1,TRUNK,28009.0,29121.0,Tg Penjuru,16,29121,5.9,0742,0849,-,-,-,-
46,78,TTS,1,TRUNK,28009.0,28009.0,Clementi Ave 3,57,28009,24.9,0543,0134,0543,0135,0613,0133
47,77,TTS,2,TRUNK,2099.0,43009.0,No Loop,49,43009,18.8,0656,0030,0732,0033,0731,0032
48,66B,TTS,2,TRUNK,28009.0,7031.0,No Loop,47,07031,31.5,-,-,-,-,1838,2005
49,66A,TTS,1,TRUNK,84009.0,40011.0,No Loop,43,40011,15.9,-,-,-,-,1919,1938
50,665,TTS,2,EXPRESS,3241.0,46149.0,No Loop,23,46149,30.8,1935,1950,-,-,-,-
51,663,TTS,2,EXPRESS,3241.0,59599.0,No Loop,22,59599,26.1,1928,1943,-,-,-,-
52,66,TTS,2,TRUNK,28009.0,84009.0,No Loop,86,84009,32.6,0613,0037,0713,0046,0750,0040
53,49,TTS,1,TRUNK,28009.0,28009.0,Jurong West St 42,49,28009,23.5,0643,0051,0641,0055,0638,0055
54,41,TTS,1,TRUNK,28009.0,28009.0,Jln Anak Bt,37,28009,14.4,0625,0036,0623,0038,0623,0038
55,335,TTS,1,FEEDER,28009.0,28009.0,Jurong West St 41,30,28009,10.2,0605,0127,0606,0126,0605,0124
56,334,TTS,1,FEEDER,28009.0,28009.0,Jurong West St 42,25,28009,9.0,0536,0141,0537,0138,0537,0139
57,333,TTS,1,FEEDER,28009.0,28009.0,Jurong East St 32,24,28009,10.5,0539,0127,0544,0128,0547,0124
58,285,TTS,1,FEEDER,17009.0,17009.0,Pandan Loop,19,17009,7.8,0611,0103,0627,0059,0624,0058
59,284,TTS,1,FEEDER,17009.0,17009.0,Clementi Ave 4,5,17009,1.7,0603,0038,0603,0038,0603,0038
60,282,TTS,1,FEEDER,17009.0,17009.0,Clementi West St 2,12,17009,5.8,0559,0055,0611,0056,0608,0053
61,189A,TTS,1,TRUNK,43009.0,43319.0,Bt Batok St 23,8,43319,2.9,0720,0910,2342,0111,2343,0113
62,189,TTS,1,TRUNK,43009.0,43009.0,Clementi Ave 1,31,43009,16.4,0634,0008,0638,0005,0641,0005
63,183B,TTS,1,TRUNK,28009.0,28189.0,No Loop,11,28189,4.0,0734,0906,-,-,-,-
64,183,TTS,1,TRUNK,28009.0,28009.0,Science Pk Rd,57,28009,22.6,0706,0041,0658,0045,0654,0044
65,177,TTS,1,TRUNK,43009.0,43009.0,Jelebu Rd,27,43009,11.9,0634,0925,-,-,-,-
66,173A,TTS,1,TRUNK,43009.0,43169.0,Bt Batok East Ave 4,8,43169,2.9,2356,0111,2359,0111,2359,0111
67,173,TTS,1,TRUNK,43009.0,43009.0,Clementi Ave 3,63,43009,27.4,0605,0053,0638,0053,0645,0053
68,143M,TTS,1,TRUNK,28009.0,28009.0,Pandan Gdns,28,28009,9.7,0547,0138,0545,0138,0546,0137
69,143,TTS,2,TRUNK,28009.0,52009.0,No Loop,76,52009,28.8,0630,0049,0628,0114,0710,0046
70,106A,TTS,1,TRUNK,43009.0,17179.0,No Loop,12,17179,5.1,0700,0909,-,-,-,-
71,106,TTS,2,TRUNK,3239.0,43009.0,No Loop,50,43009,22.3,0649,0041,0634,0043,0659,0044
72,NR8,SMRT,1,NIGHT RIDER,2099.0,43609.0,Bt Batok West Ave 5,61,43609,24.6,-,-,0032,0258,-,-
73,NR7,SMRT,1,NIGHT RIDER,2099.0,98029.0,No Loop,106,98029,41.1,-,-,0117,0342,-,-
74,NR6,SMRT,1,NIGHT RIDER,14519.0,67171.0,Anchorvale Dr,87,67171,36.7,-,-,0055,0324,-,-
75,NR5,SMRT,1,NIGHT RIDER,2099.0,22449.0,No Loop,88,22449,34.0,-,-,0056,0326,-,-
76,NR3,SMRT,1,NIGHT RIDER,5029.0,44009.0,No Loop,65,44009,31.0,-,-,0044,0314,-,-
77,NR2,SMRT,1,NIGHT RIDER,2099.0,58291.0,Sembawang Dr,58,58291,37.0,-,-,0044,0316,-,-
78,NR1,SMRT,1,NIGHT RIDER,14519.0,59561.0,Yishun Ring Rd,93,59561,43.2,-,-,0102,0334,-,-
79,BPS1,SMRT,2,TRUNK,44539.0,44691.0,No Loop,8,44691,4.9,1820,2000,-,-,-,-
80,991B,SMRT,1,TRUNK,44009.0,44099.0,No Loop,6,44099,3.0,0029,0106,0029,0106,0029,0106
81,991A,SMRT,1,TRUNK,43009.0,43341.0,No Loop,6,43341,1.8,0023,0108,0023,0108,0023,0108
82,991,SMRT,2,TRUNK,44009.0,43009.0,No Loop,26,43009,11.7,0540,0042,0540,0041,0540,0041
83,985,SMRT,2,TRUNK,80009.0,44009.0,No Loop,42,44009,26.0,0529,0036,0528,0036,0541,0035
84,983A,SMRT,1,TRUNK,44009.0,44131.0,No Loop,12,44131,4.5,0018,0113,0018,0113,0018,0113
85,983,SMRT,1,TRUNK,44009.0,44009.0,Jelebu Rd,30,44009,11.7,0537,0036,0537,0035,0537,0035
86,982E,SMRT,2,EXPRESS,3539.0,44581.0,No Loop,22,44581,26.6,1931,1946,-,-,-,-
87,981,SMRT,2,TRUNK,47121.0,58009.0,No Loop,21,58009,8.3,1724,1954,1223,1423,-,-
88,980,SMRT,2,TRUNK,80009.0,58009.0,No Loop,61,58009,24.6,0628,0032,0624,0033,0700,0037
89,979,SMRT,1,TRUNK,45009.0,45009.0,Choa Chu Kang Cres,38,45009,11.8,0618,0044,0618,0047,0618,0047
90,975B,SMRT,1,TRUNK,44531.0,33041.0,No Loop,33,33041,13.4,0655,0822,1943,2036,1619,2346
91,975,SMRT,1,TRUNK,45009.0,45009.0,Lim Chu Kang Rd,92,45009,36.6,0619,0015,0616,0023,0632,0017
92,973A,SMRT,1,TRUNK,45009.0,44229.0,No Loop,4,44229,1.5,0037,0117,0037,0117,0037,0117
93,973,SMRT,1,TRUNK,45009.0,45009.0,Hume Ave,29,45009,10.7,0550,0054,0550,0053,0550,0053
94,972A,SMRT,1,TRUNK,45009.0,8057.0,No Loop,28,08057,19.6,0008,0025,0010,0025,2352,0024
95,972,SMRT,1,TRUNK,45009.0,45009.0,Bencoolen St,63,45009,40.2,0701,0053,0721,0054,0720,0034
96,971E,SMRT,2,EXPRESS,3223.0,481.0,No Loop,34,00481,22.4,1927,1952,-,-,-,-
97,970,SMRT,2,TRUNK,3239.0,45009.0,No Loop,66,45009,24.7,0710,0045,0706,0046,0704,0047
98,969A,SMRT,1,TRUNK,75009.0,59079.0,No Loop,15,59079,20.7,0916,0916,-,-,-,-
99,969,SMRT,2,TRUNK,75009.0,46009.0,No Loop,28,46009,27.2,0640,0049,0629,0045,0647,0045
100,966,SMRT,1,TRUNK,46009.0,46009.0,Marine Parade Rd,63,46009,63.6,0652,0034,0709,0040,0708,0039
101,965A,SMRT,1,TRUNK,46009.0,59073.0,No Loop,14,59073,7.4,0655,0734,-,-,-,-
102,965,SMRT,1,TRUNK,46009.0,46009.0,Sengkang Sq,55,46009,42.5,0619,0014,0619,0012,0632,0014
103,964,SMRT,1,TRUNK,46009.0,46009.0,Nth Woodlands Link,27,46009,9.9,0640,2323,0637,1741,-,-
104,963R,SMRT,2,EXPRESS,14519.0,46009.0,No Loop,31,46009,31.6,-,-,0945,0044,0952,0045
105,963e,SMRT,2,EXPRESS,14009.0,46009.0,No Loop,29,46009,29.2,1935,2005,-,-,-,-
106,963,SMRT,2,TRUNK,14009.0,46009.0,No Loop,51,46009,29.2,0652,0041,0644,0037,0714,0037
107,962C,SMRT,1,TRUNK,47571.0,47591.0,No Loop,5,47591,3.1,0644,0801,-,-,-,-
108,962B,SMRT,1,TRUNK,58259.0,58251.0,No Loop,12,58251,4.6,0659,0958,-,-,-,-
109,962,SMRT,1,TRUNK,46009.0,46009.0,Admiralty St,46,46009,16.8,0620,0047,0619,0053,0635,0046
110,961C,SMRT,2,TRUNK,80009.0,46009.0,No Loop,95,46009,37.4,-,-,-,-,0734,0102
111,961,SMRT,2,TRUNK,80009.0,46009.0,No Loop,94,46009,35.6,0723,0116,0647,0054,-,-
112,960e,SMRT,2,EXPRESS,2099.0,46009.0,No Loop,26,46009,24.3,0840,0026,0833,0026,0833,0033
113,960,SMRT,2,TRUNK,2099.0,46009.0,No Loop,49,46009,27.3,0752,0039,0747,0038,0752,0042
114,951E,SMRT,2,EXPRESS,3222.0,46441.0,No Loop,23,46441,29.5,1930,1945,-,-,-,-
115,950,SMRT,1,TRUNK,46009.0,46009.0,Jln Jim Quee,29,46009,24.4,0608,0040,0611,0036,0615,0037
116,944,SMRT,1,FEEDER,43009.0,43009.0,Bt Batok Rd,14,43009,4.9,0550,0120,0550,0120,0550,0120
117,927,SMRT,1,TRUNK,44009.0,44009.0,Mandai Lake Rd,35,44009,18.5,0653,0045,0648,0050,0646,0049
118,926,SMRT,1,TRUNK,46009.0,46009.0,Mandai Lake Rd,17,46009,13.9,-,-,-,-,0914,1844
119,925C,SMRT,1,TRUNK,46009.0,46009.0,Neo Tiew Cres,41,46009,19.5,-,-,-,-,0722,2012
120,925,SMRT,2,TRUNK,44009.0,46009.0,No Loop,41,46009,17.7,0659,2059,0634,2054,-,-
121,922,SMRT,1,FEEDER,45009.0,45009.0,Bangkit Rd,28,45009,9.1,0613,0148,0612,0147,0612,0147
122,920,SMRT,1,FEEDER,45009.0,45009.0,Bangkit Rd,32,45009,8.4,0614,0148,0615,0148,0614,0148
123,913M,SMRT,1,FEEDER,46009.0,46009.0,Woodlands St 13,27,46009,10.7,0645,2343,0643,2343,0643,2343
124,913,SMRT,1,FEEDER,46009.0,46009.0,Woodlands Circle,33,46009,12.9,0543,0130,0600,0130,0600,0130
125,912M,SMRT,1,FEEDER,46008.0,46009.0,Woodlands St 41,16,46009,6.5,0635,0835,-,-,-,-
126,912B,SMRT,1,FEEDER,46008.0,46009.0,Woodlands Ctr Rd,25,46009,10.5,0617,0140,0613,0140,0610,0141
127,912A,SMRT,1,FEEDER,46009.0,46008.0,Woodlands Ave 7,18,46008,6.9,0608,0127,0604,0127,0604,0126
128,912,SMRT,1,FEEDER,46009.0,46009.0,Woodlands Ave 7,42,46009,17.4,0530,0100,0530,0100,0530,0100
129,911,SMRT,1,FEEDER,46009.0,46009.0,Woodlands Ave 2,28,46009,11.8,0531,0118,0520,0100,0530,0100
130,904,SMRT,1,FEEDER,46009.0,46009.0,Woodlands Cres,19,46009,8.0,0607,0136,0607,0136,0607,0136
131,903M,SMRT,1,FEEDER,46009.0,46009.0,Marsiling Lane,15,46009,5.6,0630,0830,-,-,-,-
132,903,SMRT,1,FEEDER,46009.0,46009.0,Woodlands Ctr Rd,22,46009,8.4,0534,0125,0553,0123,0601,0125
133,902,SMRT,1,FEEDER,46009.0,46269.0,No Loop,3,46269,1.1,0740,1008,-,-,-,-
134,901,SMRT,1,FEEDER,46009.0,46009.0,Woodlands Ave 6,15,46009,6.1,0553,0120,0549,0119,0603,0119
135,900A,SMRT,1,FEEDER,46009.0,46009.0,Woodlands Dr 17,18,46009,6.3,0657,0856,-,-,-,-
136,900,SMRT,1,FEEDER,46009.0,46009.0,Woodlands Dr 14,14,46009,4.9,0549,0118,0548,0118,0558,0119
137,883B,SMRT,1,TRUNK,59079.0,58539.0,No Loop,5,58539,2.2,2003,2203,-,-,-,-
138,883,SMRT,1,TRUNK,58009.0,58009.0,Yishun Ctrl 2,29,58009,11.8,0542,0111,0542,0118,0541,0118
139,882A,SMRT,1,TRUNK,58009.0,58501.0,No Loop,7,58501,2.3,1845,2039,-,-,-,-
140,882,SMRT,1,TRUNK,58009.0,58009.0,Sembawang Rd,24,58009,8.9,0541,0005,0541,0005,0605,2350
141,868E,SMRT,1,EXPRESS,43581.0,2161.0,No Loop,28,02161,23.2,0836,0851,-,-,-,-
142,860A,SMRT,1,TRUNK,59009.0,59569.0,No Loop,13,59569,3.9,0619,0917,0723,1014,0723,1011
143,859B,SMRT,1,TRUNK,58009.0,58009.0,Sembawang Cres,15,58009,5.0,0553,0116,0550,0113,0550,0113
144,859A,SMRT,1,TRUNK,58009.0,58009.0,Admiralty Link,16,58009,5.1,0551,0115,0548,0113,0546,0112
145,859,SMRT,1,TRUNK,58009.0,58009.0,Yishun Temp Int,48,58009,16.9,0642,0019,0631,0014,0631,0014
146,858A,SMRT,1,TRUNK,46009.0,59073.0,No Loop,24,59073,9.0,2356,0102,2356,0100,2359,0103
147,858,SMRT,1,TRUNK,46009.0,46009.0,PTB2 Basement,83,46009,73.5,0620,0154,0610,0154,0614,0155
148,857A,SMRT,1,TRUNK,59009.0,55081.0,No Loop,17,55081,7.6,0727,0739,-,-,-,-
149,857,SMRT,1,TRUNK,59009.0,59009.0,Temasek Ave,71,59009,43.3,0704,0027,0658,0022,0657,0026
150,856A,SMRT,1,TRUNK,46009.0,46069.0,No Loop,7,46069,3.4,1810,1953,-,-,-,-
151,856,SMRT,2,TRUNK,46009.0,59009.0,No Loop,39,59009,16.3,0610,0041,0610,0041,0630,0036
152,855,SMRT,2,TRUNK,14009.0,59009.0,No Loop,59,59009,26.4,0647,0042,0644,0038,0639,0037
153,854e,SMRT,1,EXPRESS,59009.0,84009.0,No Loop,33,84009,22.3,0740,0819,-,-,-,-
154,854,SMRT,2,TRUNK,84009.0,59009.0,No Loop,56,59009,22.4,0636,0047,0649,0045,0647,0043
155,853C,SMRT,2,TRUNK,94009.0,59009.0,No Loop,77,59009,31.3,-,-,-,-,0724,0058
156,853,SMRT,2,TRUNK,80009.0,59009.0,No Loop,46,59009,19.6,0653,0038,0644,0031,-,-
157,825,SMRT,1,TRUNK,55509.0,55509.0,Lentor Loop,15,55509,5.7,0650,2108,0650,1444,-,-
158,75A,SMRT,1,TRUNK,481.0,12099.0,No Loop,21,12099,8.6,0738,0738,-,-,-,-
159,75,SMRT,2,TRUNK,2099.0,481.0,No Loop,62,00481,25.6,0703,0053,0706,0055,0739,0049
160,700A,SMRT,1,TRUNK,481.0,481.0,Temasek Ave,67,00481,39.6,2058,0032,1524,0030,0554,0032
161,700,SMRT,2,TRUNK,3239.0,481.0,No Loop,38,00481,21.2,0550,2045,0551,1511,-,-
162,67W,SMRT,1,TRUNK,75009.0,40011.0,No Loop,39,40011,15.8,-,-,-,-,1708,1827
163,67A,SMRT,1,TRUNK,44009.0,41049.0,No Loop,31,41049,12.0,0545,2332,0545,2331,0604,2329
164,67,SMRT,2,TRUNK,75009.0,44009.0,No Loop,84,44009,33.2,0611,0110,0618,0107,0609,0108
165,657,SMRT,2,CITY_LINK,3539.0,28531.0,No Loop,20,28531,21.2,1928,1943,-,-,-,-
166,656,SMRT,2,EXPRESS,3241.0,58129.0,No Loop,23,58129,28.6,1934,1949,-,-,-,-
167,653,SMRT,2,CITY_LINK,3539.0,43268.0,No Loop,24,43268,21.6,1931,1946,-,-,-,-
168,61,SMRT,2,TRUNK,82009.0,43009.0,No Loop,91,43009,35.7,0704,0127,0706,0126,0713,0128
169,307A,SMRT,1,FEEDER,44009.0,44531.0,Choa Chu Kang St 62,18,44531,6.6,0650,0120,0737,1008,0742,1029
170,307,SMRT,1,FEEDER,44009.0,44009.0,Choa Chu Kang St 62,36,44009,11.9,0556,0118,0552,0112,0550,0113
171,302A,SMRT,1,FEEDER,45321.0,45329.0,No Loop,8,45329,2.3,0617,1937,-,-,-,-
172,302,SMRT,1,FEEDER,44009.0,44009.0,Choa Chu Kang Cres,23,44009,8.1,0541,0123,0541,0123,0540,0125
173,301,SMRT,1,FEEDER,44009.0,44009.0,Keat Hong Cl,20,44009,5.5,0528,0117,0528,0117,0528,0117
174,300,SMRT,1,FEEDER,44009.0,44009.0,Choa Chu Kang Ave 3,16,44009,5.8,0535,0121,0534,0123,0534,0122
175,190A,SMRT,1,TRUNK,44009.0,8057.0,No Loop,23,08057,18.7,0612,0845,-,-,-,-
176,190,SMRT,2,TRUNK,10499.0,44009.0,No Loop,35,44009,22.6,0624,0040,0623,0040,0622,0036
177,188R,SMRT,2,EXPRESS,14519.0,44009.0,No Loop,28,44009,23.8,-,-,0934,0028,0934,0028
178,188e,SMRT,1,EXPRESS,44009.0,14009.0,No Loop,37,14009,22.0,0818,0833,-,-,-,-
179,188,SMRT,2,TRUNK,14009.0,44009.0,No Loop,54,44009,22.2,0651,0031,0704,0032,0729,0029
180,187,SMRT,2,TRUNK,22009.0,46009.0,No Loop,41,46009,24.1,0609,0120,0606,0106,0620,0107
181,184,SMRT,1,TRUNK,481.0,481.0,C'wealth Ave West,55,00481,22.6,0641,0011,0706,0008,0700,0005
182,180A,SMRT,1,TRUNK,22009.0,44259.0,No Loop,26,44259,11.1,1916,0019,2346,0018,2348,0022
183,180,SMRT,1,TRUNK,22009.0,22009.0,Bt Panjang Rd,48,22009,21.4,0601,0006,0601,0005,0610,0011
184,178A,SMRT,1,TRUNK,46009.0,45139.0,No Loop,13,45139,4.9,0600,0858,-,-,-,-
185,178,SMRT,2,TRUNK,22009.0,46009.0,No Loop,72,46009,30.3,0548,0046,0547,0044,0552,0044
186,176,SMRT,2,TRUNK,10009.0,45009.0,No Loop,61,45009,22.9,0629,0032,0624,0034,0622,0034
187,172,SMRT,2,TRUNK,22009.0,44009.0,No Loop,32,44009,14.2,0612,0016,0612,0008,0640,0006
188,171,SMRT,2,TRUNK,2099.0,59009.0,No Loop,73,59009,34.3,0620,0108,0651,0100,0705,0058
189,169B,SMRT,1,TRUNK,46009.0,46711.0,No Loop,9,46711,3.7,0722,0755,-,-,-,-
190,169A,SMRT,1,TRUNK,46009.0,59073.0,No Loop,27,59073,11.8,0745,0803,-,-,-,-
191,169,SMRT,2,TRUNK,54009.0,46009.0,No Loop,53,46009,23.0,0643,0050,0637,0045,0628,0044
192,167e,SMRT,2,EXPRESS,3223.0,58009.0,No Loop,37,58009,30.2,0841,0035,0836,0032,0829,0030
193,167,SMRT,2,TRUNK,10009.0,58009.0,No Loop,70,58009,29.8,0717,0109,0702,0109,0717,0101
194,110,SMRT,1,TRUNK,67759.0,67759.0,PTB2 Basement,30,67759,39.9,0700,0125,0659,0126,0659,0126
195,CT8,SBST,2,FLAT FARE $2.00,10499.0,55151.0,No Loop,21,55151,17.6,1146,1749,1145,2246,1144,2246
196,CT18,SBST,2,FLAT FARE $2.00,10499.0,84219.0,No Loop,21,84219,19.8,1144,1748,1149,2247,1150,2248
197,9A,SBST,1,TRUNK,84009.0,98011.0,No Loop,21,98011,8.4,1859,2033,-,-,-,-
198,99,SBST,2,TRUNK,24009.0,17009.0,No Loop,45,17009,16.8,0619,0053,0614,0055,0609,0052
199,95B,SBST,1,TRUNK,16009.0,11361.0,No Loop,12,11361,4.5,1804,1906,-,-,-,-
200,95,SBST,1,TRUNK,16009.0,16009.0,Holland Rd,30,16009,11.5,0626,0013,0623,0014,0623,0018
201,94A,SBST,1,TRUNK,82009.0,73019.0,Airport Rd,14,73019,4.9,0725,0749,0721,0803,-,-
202,94,SBST,1,TRUNK,82009.0,82009.0,Airport Rd,27,82009,11.2,0643,2017,0642,2016,-,-
203,93,SBST,2,TRUNK,82009.0,14009.0,No Loop,54,14009,23.8,0627,0043,0623,0046,0653,0046
204,92M,SBST,1,TRUNK,11009.0,11009.0,Nth Buona Vista Rd,22,11009,7.8,-,-,-,-,0700,1838
205,92B,SBST,1,TRUNK,11009.0,18281.0,No Loop,12,18281,3.5,0653,2133,0944,2141,-,-
206,92A,SBST,1,TRUNK,11009.0,11351.0,Science Pk Dr,22,11351,7.2,1532,2014,-,-,-,-
207,92,SBST,1,TRUNK,11009.0,11009.0,Science Pk Dr,36,11009,11.8,0617,2035,0618,2036,-,-
208,91,SBST,1,TRUNK,11379.0,11389.0,Ayer Rajah Cres,18,11389,6.6,0659,2032,0658,1828,-,-
209,90A,SBST,1,TRUNK,52009.0,71189.0,Airport Rd,23,71189,9.1,0642,0926,0635,0658,-,-
210,90,SBST,1,TRUNK,52009.0,52009.0,Airport Rd,37,52009,16.4,0701,0010,0651,0013,0646,0012
211,9,SBST,1,TRUNK,84009.0,84009.0,Airport Cargo Rd,86,84009,33.2,0651,0126,0644,0121,0659,0125
212,89e,SBST,2,EXPRESS,95051.0,64009.0,No Loop,32,64009,21.8,1856,1935,-,-,-,-
213,89A,SBST,1,TRUNK,77289.0,95039.0,Airport Cargo Rd,36,95039,13.0,0706,0830,-,-,-,-
214,89,SBST,1,TRUNK,64009.0,64009.0,Airport Cargo Rd,95,64009,43.4,0615,0046,0614,0053,0611,0042
215,88B,SBST,1,TRUNK,54261.0,66471.0,No Loop,12,66471,3.6,0734,0836,-,-,-,-
216,88A,SBST,1,TRUNK,65069.0,54269.0,No Loop,27,54269,9.7,0734,1250,-,-,-,-
217,88,SBST,2,TRUNK,52009.0,77009.0,No Loop,50,77009,23.8,0619,0046,0622,0057,0616,0048
218,87,SBST,2,TRUNK,84009.0,67009.0,No Loop,31,67009,13.3,0621,0016,0619,0019,0615,0019
219,860,SBST,1,TRUNK,59009.0,59009.0,Ang Mo Kio Ave 8,73,59009,28.3,0619,0026,0624,0033,0625,0033
220,86,SBST,2,TRUNK,54009.0,67009.0,No Loop,31,67009,15.1,0647,0011,0644,0011,0644,0011
221,852,SBST,2,TRUNK,43009.0,59009.0,No Loop,52,59009,23.7,0646,0045,0648,0053,0704,0048
222,851e,SBST,2,EXPRESS,5012.0,59009.0,No Loop,22,59009,20.6,0834,0032,0835,0035,0835,0035
223,851,SBST,2,TRUNK,10009.0,59009.0,No Loop,55,59009,23.1,0708,0109,0703,0107,0659,0106
224,850E,SBST,2,EXPRESS,3222.0,59579.0,No Loop,26,59579,25.9,1934,1953,-,-,-,-
225,812,SBST,1,FEEDER,59009.0,59009.0,Yishun Ave 4,31,59009,11.2,0607,0122,0605,0125,0602,0123
226,811A,SBST,1,FEEDER,59009.0,59159.0,Sembawang Rd,14,59159,4.6,1736,2021,-,-,-,-
227,811,SBST,1,FEEDER,59009.0,59009.0,Yishun Ave 5,43,59009,15.9,0626,0127,0625,0125,0635,0120
228,81,SBST,1,TRUNK,75009.0,75009.0,S'goon Ctrl,68,75009,33.9,0651,0115,0641,0116,0655,0121
229,80A,SBST,1,TRUNK,67009.0,81089.0,No Loop,31,81089,12.3,0642,1009,-,-,-,-
230,807A,SBST,1,FEEDER,59009.0,59569.0,No Loop,13,59569,3.9,0623,0920,0730,0941,0729,1009
231,807,SBST,1,FEEDER,59009.0,59009.0,Yishun St 71,35,59009,11.8,0614,0142,0615,0150,0624,0150
232,806,SBST,1,FEEDER,59009.0,59009.0,Yishun Ave 6,14,59009,5.2,0546,0122,0547,0121,0556,0121
233,805,SBST,1,FEEDER,59009.0,59009.0,Yishun Ave 1,19,59009,6.9,0557,0132,0559,0132,0610,0132
234,804,SBST,1,FEEDER,59009.0,59009.0,Yishun Ave 11,22,59009,8.3,0534,0131,0546,0132,0614,0133
235,803,SBST,1,FEEDER,59009.0,59009.0,Yishun Ave 6,8,59009,2.9,0538,0111,0538,0113,0548,0113
236,800,SBST,1,FEEDER,59009.0,59009.0,Sembawang Rd,19,59009,6.9,0604,0126,0607,0132,0618,0133
237,80,SBST,2,TRUNK,14009.0,67009.0,No Loop,58,67009,23.1,0638,0140,0638,0137,0723,0138
238,8,SBST,2,TRUNK,52009.0,75009.0,No Loop,42,75009,17.4,0652,0025,0659,0028,0656,0030
239,7B,SBST,1,TRUNK,17009.0,8057.0,No Loop,25,08057,10.7,0634,2324,0634,2308,0634,2308
240,7A,SBST,1,TRUNK,84009.0,9022.0,No Loop,35,09022,13.6,0645,2332,0641,2319,0643,2317
241,76,SBST,2,TRUNK,82009.0,55509.0,No Loop,44,55509,15.9,0655,0026,0651,0026,0648,0026
242,74e,SBST,2,EXPRESS,11379.0,64009.0,No Loop,41,64009,27.7,1905,1940,-,-,-,-
243,74,SBST,2,TRUNK,11379.0,64009.0,No Loop,64,64009,27.7,0632,0042,0625,0041,0624,0032
244,73A,SBST,1,TRUNK,54009.0,52009.0,Lor 6 Toa Payoh,28,52009,12.3,0014,0023,0011,0022,0009,0022
245,73,SBST,1,TRUNK,54009.0,54009.0,Lor 6 Toa Payoh,56,54009,24.9,0532,0039,0610,0042,0644,0040
246,72B,SBST,1,TRUNK,55509.0,54481.0,No Loop,5,54481,1.8,0710,1025,-,-,-,-
247,72A,SBST,1,TRUNK,55509.0,64549.0,No Loop,20,64549,6.7,0642,1040,-,-,-,-
248,72,SBST,2,TRUNK,75009.0,55509.0,No Loop,45,55509,16.6,0610,0038,0610,0038,0640,0038
249,71,SBST,1,TRUNK,55509.0,55509.0,Bishan St 11,42,55509,17.0,0637,0042,0639,0049,0639,0049
250,70M,SBST,1,TRUNK,55509.0,55509.0,Temasek Ave,105,55509,42.0,2035,0107,2035,0112,0711,0109
251,70B,SBST,1,TRUNK,55101.0,66359.0,No Loop,18,66359,6.2,0717,1014,-,-,-,-
252,70A,SBST,1,TRUNK,55509.0,2171.0,Temasek Ave,52,02171,21.1,0020,0050,0026,0050,0021,0048
253,70,SBST,2,TRUNK,3239.0,55509.0,No Loop,57,55509,23.5,0644,2103,0648,2053,-,-
254,7,SBST,2,TRUNK,17009.0,84009.0,No Loop,52,84009,22.7,0646,0041,0646,0043,0657,0039
255,6N,SBST,1,NIGHT SERVICE,2099.0,65201.0,No Loop,62,65201,34.5,-,-,0121,0321,-,-
256,69,SBST,1,TRUNK,75009.0,75009.0,Bedok Nth Dr,31,75009,13.6,0613,0025,0614,0023,0624,0026
257,660,SBST,2,EXPRESS,3241.0,66489.0,No Loop,19,66489,18.0,1925,1940,-,-,-,-
258,655,SBST,2,CITY_LINK,3539.0,20121.0,No Loop,21,20121,17.9,1908,1923,-,-,-,-
259,65,SBST,2,TRUNK,14009.0,75009.0,No Loop,62,75009,24.4,0658,0124,0648,0126,0640,0121
260,64,SBST,1,TRUNK,80289.0,80289.0,Mei Ling St,82,80289,30.5,0719,0101,0713,0109,0654,0102
261,63M,SBST,1,TRUNK,82009.0,82009.0,Circuit Rd,35,82009,12.6,0624,0110,0620,0113,0620,0113
262,63,SBST,1,TRUNK,82009.0,82009.0,Jln Rumah Tinggi,103,82009,38.9,2400,0110,0009,0113,0004,0059
263,60A,SBST,1,TRUNK,82009.0,84511.0,No Loop,10,84511,3.8,1830,2135,-,-,-,-
264,60,SBST,1,TRUNK,82009.0,82009.0,Bedok Nth Dr,33,82009,15.2,0529,0026,0529,0026,0555,0026
265,5N,SBST,1,NIGHT SERVICE,2099.0,27159.0,No Loop,72,27159,38.6,-,-,0137,0337,-,-
266,59,SBST,2,TRUNK,99009.0,53009.0,No Loop,52,53009,26.8,0648,0031,0712,0035,0707,0035
267,58B,SBST,1,TRUNK,77009.0,70281.0,No Loop,24,70281,12.4,0844,1908,-,-,-,-
268,58A,SBST,1,TRUNK,62131.0,75351.0,No Loop,27,75351,11.7,0851,1912,-,-,-,-
269,58,SBST,2,TRUNK,77009.0,53009.0,No Loop,46,53009,20.8,0635,0059,0634,0057,0634,0058
270,57,SBST,2,TRUNK,10009.0,53009.0,No Loop,49,53009,22.2,0628,0100,0649,0101,0648,0059
271,56,SBST,2,TRUNK,2099.0,53009.0,No Loop,29,53009,12.9,0619,0032,0644,0103,0643,0031
272,55B,SBST,1,TRUNK,53009.0,54381.0,No Loop,8,54381,3.4,1925,1955,-,-,-,-
273,55,SBST,2,TRUNK,94009.0,53009.0,No Loop,52,53009,21.1,0611,0038,0627,0043,0634,0041
274,54,SBST,2,TRUNK,10499.0,53009.0,No Loop,42,53009,17.5,0653,0033,0713,0107,0711,0033
275,53M,SBST,1,TRUNK,63261.0,63269.0,S'goon Ctrl,18,63269,6.0,0627,2322,0622,2325,0622,2321
276,53A,SBST,1,TRUNK,77289.0,95129.0,PTB2 Basement,19,95129,11.9,0758,0859,-,-,-,-
277,53,SBST,1,TRUNK,53009.0,53009.0,PTB2 Basement,87,53009,53.0,0605,0132,0604,0133,0625,0122
278,52,SBST,2,TRUNK,28009.0,53009.0,No Loop,49,53009,25.3,0704,0049,0653,0049,0648,0049
279,51A,SBST,1,TRUNK,28009.0,20191.0,No Loop,9,20191,2.9,0011,0030,0010,0030,0011,0029
280,513,SBST,2,EXPRESS,3222.0,75121.0,No Loop,24,75121,24.5,1919,1936,-,-,-,-
281,51,SBST,2,TRUNK,28009.0,64009.0,No Loop,95,64009,36.0,0001,0135,0005,0135,0004,0121
282,506,SBST,2,EXPRESS,94009.0,28009.0,No Loop,48,28009,35.1,0739,0042,0729,0050,0726,0050
283,502A,SBST,1,EXPRESS,22609.0,3529.0,No Loop,39,03529,31.3,0846,0924,-,-,-,-
284,502,SBST,1,EXPRESS,22609.0,22609.0,Central Blvd,89,22609,59.6,0805,0128,0757,0127,0843,0126
285,50,SBST,2,TRUNK,65009.0,53009.0,No Loop,47,53009,18.7,0638,0047,0628,0045,0644,0042
286,5,SBST,2,TRUNK,10009.0,77009.0,No Loop,60,77009,32.9,0650,0048,0700,0054,0650,0047
287,4N,SBST,1,NIGHT SERVICE,2099.0,78059.0,No Loop,84,78059,41.8,-,-,0136,0336,-,-
288,48,SBST,2,TRUNK,11379.0,84299.0,No Loop,54,84299,24.4,0645,0110,0710,0108,0709,0107
289,47,SBST,1,TRUNK,97009.0,97009.0,Amber Rd,52,97009,22.4,0637,0049,0649,0051,0637,0050
290,46,SBST,2,TRUNK,75009.0,94009.0,No Loop,23,94009,8.1,0640,0023,0638,0023,0638,0022
291,45A,SBST,1,TRUNK,63291.0,62139.0,No Loop,6,62139,1.8,0658,0750,-,-,-,-
292,45,SBST,2,TRUNK,55009.0,94009.0,No Loop,50,94009,21.3,0704,0031,0711,0039,0713,0036
293,42,SBST,1,TRUNK,83321.0,83321.0,Fidelio St,22,83321,5.8,0610,2352,0622,2352,0622,2352
294,410W,SBST,1,FEEDER,53009.0,53009.0,Shunfu Rd,22,53009,9.2,0605,0115,0622,0117,0618,0117
295,410G,SBST,1,FEEDER,53009.0,53009.0,Shunfu Rd,23,53009,9.5,0546,0115,0601,0117,0602,0118
296,410,SBST,2,FEEDER,53009.0,53009.0,Shunfu Road,23,53009,9.6,0548,0116,0558,0116,0558,0116
297,405,SBST,1,TRUNK,22009.0,22009.0,Old Choa Chu Kang Rd,35,22009,15.0,0738,1737,0737,1740,0745,1739
298,402,SBST,1,TRUNK,3239.0,3239.0,Marina Coastal Dr,16,03239,9.0,0632,0016,0632,0016,0632,0016
299,401,SBST,1,TRUNK,84009.0,84009.0,Fort Rd,45,84009,25.3,-,-,1513,2317,1108,2117
300,400,SBST,1,TRUNK,3239.0,3239.0,Marina Gdns Dr,17,03239,8.4,0732,2359,0729,2359,0729,2359
301,40,SBST,1,TRUNK,84009.0,84009.0,Merpati Rd,62,84009,23.4,0623,0042,0704,0046,0717,0040
302,4,SBST,1,TRUNK,75009.0,75009.0,Changi Nth Way,26,75009,10.2,0615,0009,0612,0011,0612,0009
303,3N,SBST,1,NIGHT SERVICE,2099.0,45301.0,No Loop,72,45301,38.6,-,-,0135,0332,-,-
304,39,SBST,2,TRUNK,59009.0,75019.0,No Loop,35,75019,26.9,0710,0040,0711,0037,0709,0029
305,38,SBST,2,TRUNK,84009.0,75009.0,No Loop,29,75009,10.8,0550,0115,0547,0121,0545,0115
306,374,SBST,1,FEEDER,67759.0,67759.0,Fernvale Rd,19,67759,8.5,0549,0116,0548,0113,0603,0113
307,372,SBST,1,FEEDER,67009.0,67009.0,Punggol Rd,22,67009,7.9,0542,0057,0543,0058,0627,0056
308,371,SBST,1,FEEDER,67009.0,67009.0,Rivervale Cres,12,67009,4.7,0540,0057,0538,0057,0603,0057
309,37,SBST,1,TRUNK,75009.0,75009.0,Changi Nth Cres,26,75009,10.7,0644,2024,0644,2020,0643,2020
310,35M,SBST,1,TRUNK,84009.0,84009.0,Tanah Merah Ferry Rd,24,84009,17.6,2036,2357,1610,2357,0650,2400
311,35,SBST,1,TRUNK,84009.0,84009.0,Alps Ave,36,84009,43.5,0707,2111,0652,1633,-,-
312,33B,SBST,1,TRUNK,84009.0,81179.0,No Loop,18,81179,6.7,0755,0911,-,-,-,-
313,33A,SBST,1,TRUNK,16009.0,10149.0,No Loop,22,10149,10.9,1654,1930,-,-,-,-
314,33,SBST,2,TRUNK,16009.0,84009.0,No Loop,56,84009,26.0,0642,0104,0715,0102,0718,0056
315,329,SBST,1,FEEDER,64009.0,64009.0,Buangkok Cres,23,64009,6.8,0548,0058,0545,0059,0600,0055
316,325,SBST,1,FEEDER,64009.0,64009.0,Hougang St 91,33,64009,12.3,0546,0117,0546,0111,0635,0109
317,324,SBST,1,FEEDER,64009.0,64009.0,Upp Serangoon View,9,64009,4.2,0539,0047,0539,0048,0602,0047
318,32,SBST,2,TRUNK,11379.0,84009.0,No Loop,57,84009,23.3,0722,0106,0714,0104,0714,0101
319,31A,SBST,1,TRUNK,75009.0,85099.0,No Loop,9,85099,4.5,0703,1141,-,-,-,-
320,317,SBST,1,FEEDER,66009.0,66009.0,Berwick Dr,33,66009,9.5,0605,0122,0601,0121,0617,0122
321,315,SBST,1,FEEDER,66009.0,66009.0,S'goon Nth Ave 5,34,66009,13.1,0544,0123,0540,0123,0605,0122
322,31,SBST,2,TRUNK,52009.0,75009.0,No Loop,47,75009,23.2,0621,0044,0625,0039,0623,0035
323,30e,SBST,2,EXPRESS,16069.0,84009.0,No Loop,44,84009,24.6,1852,1939,-,-,-,-
324,30,SBST,2,TRUNK,22009.0,84009.0,No Loop,76,84009,37.8,0652,0141,0708,0136,0719,0133
325,2N,SBST,1,NIGHT SERVICE,2099.0,75109.0,No Loop,78,75109,38.7,-,-,0126,0326,-,-
326,29A,SBST,1,TRUNK,75009.0,76241.0,No Loop,9,76241,3.0,1748,1957,-,-,-,-
327,298,SBST,1,FEEDER,75019.0,75019.0,Tampines Street 86,24,75019,9.5,0554,0122,0550,0119,0549,0114
328,293,SBST,1,FEEDER,75009.0,75009.0,Tampines St 71,41,75009,15.0,0520,0118,0520,0120,0518,0123
329,292,SBST,1,FEEDER,75009.0,75009.0,Tampines St 22,14,75009,5.9,0533,0111,0543,0112,0542,0112
330,291,SBST,1,FEEDER,75009.0,75009.0,Tampines St 81,29,75009,10.6,0544,0104,0551,0108,0554,0108
331,29,SBST,1,TRUNK,75009.0,75009.0,Changi Village Rd,54,75009,19.5,0620,0043,0623,0044,0618,0041
332,28,SBST,2,TRUNK,52009.0,75009.0,No Loop,56,75009,23.1,0628,0113,0624,0118,0653,0109
333,27A,SBST,1,TRUNK,67261.0,76139.0,No Loop,18,76139,10.4,0639,1033,-,-,-,-
334,273,SBST,1,FEEDER,10009.0,10009.0,Henderson Rd,14,10009,4.8,0546,0022,0544,0022,0620,0022
335,272,SBST,1,FEEDER,10009.0,10009.0,Telok Blangah Rise,14,10009,3.8,0551,0021,0549,0019,0618,0017
336,27,SBST,1,TRUNK,64009.0,64009.0,PTB2 Basement,55,64009,44.5,0646,0138,0643,0138,0642,0132
337,269A,SBST,1,FEEDER,54009.0,55169.0,Ang Mo Kio St 61,12,55169,4.0,1637,2355,-,-,-,-
338,269,SBST,1,FEEDER,54009.0,54009.0,Ang Mo Kio St 61,22,54009,8.4,0553,0131,0553,0131,0553,0131
339,268C,SBST,1,FEEDER,54269.0,55301.0,No Loop,11,55301,4.0,0719,1857,-,-,-,-
340,268B,SBST,1,FEEDER,55309.0,54261.0,No Loop,11,54261,3.8,0651,1920,-,-,-,-
341,268A,SBST,1,FEEDER,55009.0,54659.0,Ang Mo Kio Ave 5,26,54659,8.5,0723,0938,-,-,-,-
342,268,SBST,1,FEEDER,55009.0,55009.0,Ang Mo Kio Ave 5,49,55009,17.2,0615,0109,0611,0110,0628,0110
343,265,SBST,1,FEEDER,55009.0,55009.0,Ang Mo Kio Ave 10,43,55009,18.0,0618,0145,0614,0147,0617,0145
344,262,SBST,1,FEEDER,54009.0,54009.0,Ang Mo Kio Ave 2,24,54009,8.4,0604,0132,0603,0132,0603,0132
345,261,SBST,1,FEEDER,54009.0,54009.0,Ang Mo Kio Ave 10,14,54009,4.8,0531,0122,0533,0124,0533,0123
346,26,SBST,2,TRUNK,52009.0,84009.0,No Loop,30,84009,13.6,0609,0015,0608,0019,0639,0015
347,258,SBST,1,INDUSTRIAL,24009.0,24009.0,Jurong West St 64,41,24009,17.4,0606,0047,0605,0047,0603,0046
348,257,SBST,1,INDUSTRIAL,24009.0,24009.0,Pioneer Sector 2,39,24009,14.6,0638,0001,0636,0001,0634,0002
349,255,SBST,1,INDUSTRIAL,24009.0,24009.0,Gul Cres,24,24009,8.8,0625,2337,0624,2335,0623,2337
350,254,SBST,1,TRUNK,24009.0,24009.0,Tuas Ave 11,42,24009,17.0,0638,0003,0637,0003,0634,0002
351,253,SBST,1,INDUSTRIAL,24009.0,24009.0,Benoi Rd,24,24009,10.9,0622,0001,0620,0001,0618,2400
352,252,SBST,1,INDUSTRIAL,22009.0,22009.0,Joo Koon Rd,37,22009,,0630,0002,0631,2400,0630,0001
353,251,SBST,1,INDUSTRIAL,22009.0,22009.0,Shipyard Rd,32,22009,13.0,0602,0004,0602,0001,0602,0001
354,25,SBST,2,TRUNK,94009.0,54009.0,No Loop,44,54009,18.3,0545,0027,0552,0031,0601,0030
355,249,SBST,1,INDUSTRIAL,22009.0,22009.0,Jln Samulun,38,22009,15.6,0633,0008,0631,0007,0629,0011
356,248,SBST,1,INDUSTRIAL,25009.0,25009.0,Tuas Sth Ave 14,32,25009,22.3,0623,0009,0623,0009,0623,0009
357,247,SBST,1,INDUSTRIAL,25009.0,25009.0,Tuas Bay Link,51,25009,21.3,0627,0010,0627,0010,0627,0010
358,246,SBST,1,INDUSTRIAL,22009.0,22009.0,Boon Lay Dr,45,22009,16.9,0654,0011,0641,0008,0634,0008
359,243W,SBST,1,FEEDER,22009.0,22009.0,Jurong West Ave 5,15,22009,5.1,0548,0103,0556,0103,0554,0103
360,243G,SBST,1,FEEDER,22009.0,22009.0,Jurong West Ave 5,15,22009,5.1,0530,0102,0546,0101,0545,0101
361,242,SBST,1,FEEDER,22009.0,22009.0,Jurong West Ave 5,15,22009,5.7,0521,0106,0520,0105,0534,0105
362,241A,SBST,1,FEEDER,27271.0,22529.0,Jurong West St 91,9,22529,2.6,0622,0941,-,-,-,-
363,241,SBST,1,FEEDER,22009.0,22009.0,Jurong West St 91,18,22009,6.2,0519,0104,0518,0108,0517,0105
364,240M,SBST,1,TRUNK,28091.0,28099.0,Jurong West St 64,15,28099,7.2,0640,1912,-,-,-,-
365,240A,SBST,1,FEEDER,21581.0,28091.0,No Loop,6,28091,1.8,0618,0821,-,-,-,-
366,240,SBST,1,FEEDER,22009.0,22009.0,Jln Ahmad Ibrahim,38,22009,15.4,0550,0128,0541,0124,0602,0127
367,24,SBST,1,TRUNK,54009.0,54009.0,PTB2 Basement,103,54009,51.7,0701,0125,0646,0120,0644,0118
368,238,SBST,1,FEEDER,52009.0,52009.0,Lor 8 Toa Payoh,20,52009,6.6,0539,0108,0538,0110,0538,0107
369,235,SBST,1,FEEDER,52009.0,52009.0,Toa Payoh Rise,23,52009,8.7,0547,0105,0545,0101,0544,0100
370,232,SBST,1,FEEDER,52009.0,52009.0,Toa Payoh East,20,52009,6.4,0517,0055,0516,0052,0517,0053
371,231,SBST,1,FEEDER,52009.0,52009.0,Lor 5 Toa Payoh,18,52009,6.1,0536,0101,0539,0104,0536,0102
372,23,SBST,1,TRUNK,75009.0,75009.0,Rochor Canal Rd,44,75009,31.9,0626,0115,0629,0106,0626,0106
373,229,SBST,1,FEEDER,84009.0,84009.0,Bedok Sth Rd,24,84009,9.9,0623,0117,0626,0119,0620,0113
374,228,SBST,1,FEEDER,84009.0,84009.0,Bedok Reservoir Rd,28,84009,10.7,0538,0119,0555,0123,0611,0112
375,225W,SBST,1,FEEDER,84009.0,84009.0,Bedok Nth St 3,8,84009,3.3,0536,0017,0534,0015,0602,0018
376,225G,SBST,1,FEEDER,84009.0,84009.0,Bedok Nth St 3,10,84009,3.2,0525,0057,0535,0055,0534,0058
377,222B,SBST,1,FEEDER,84039.0,84031.0,Chai Chee Dr,10,84031,3.7,0721,2015,-,-,-,-
378,222A,SBST,1,FEEDER,84009.0,84039.0,No Loop,10,84039,3.9,0618,0724,-,-,-,-
379,222,SBST,1,FEEDER,84009.0,84009.0,Chai Chee Dr,28,84009,11.3,0529,0131,0530,0124,0531,0125
380,22,SBST,2,TRUNK,75009.0,54009.0,No Loop,46,54009,17.4,0654,0023,0643,0027,0644,0024
381,21A,SBST,1,TRUNK,80089.0,7231.0,No Loop,9,07231,3.4,-,-,-,-,1706,1815
382,21,SBST,2,TRUNK,52499.0,77009.0,No Loop,65,77009,25.0,0647,0122,0658,0120,0658,0121
383,201,SBST,1,TRUNK,16009.0,16009.0,Pandan Gdns,39,16009,17.4,0613,0033,0610,0033,0608,0032
384,200A,SBST,1,TRUNK,11379.0,16009.0,Clementi Rd,23,16009,8.2,0911,0020,0020,0020,0019,0019
385,200,SBST,1,TRUNK,11379.0,11389.0,Clementi Rd,44,11389,16.0,0626,0014,0619,0020,0621,0020
386,20,SBST,1,TRUNK,75009.0,75009.0,Changi Business Pk Ave 3,43,75009,18.1,0631,0046,0627,0054,0625,0052
387,1N,SBST,1,NIGHT SERVICE,2099.0,59561.0,No Loop,67,59561,35.2,-,-,0125,0325,-,-
388,199,SBST,1,TRUNK,22009.0,22009.0,Nanyang Cres,27,22009,11.1,0644,0040,0642,0039,0711,0059
389,198A,SBST,1,TRUNK,22009.0,28459.0,No Loop,13,28459,4.7,1744,2043,1710,1923,1902,2123
390,198,SBST,2,TRUNK,10009.0,22009.0,No Loop,44,22009,20.8,0628,0048,0636,0045,0630,0045
391,197,SBST,2,TRUNK,28009.0,84009.0,No Loop,70,84009,32.5,0728,0124,0720,0123,0724,0122
392,196e,SBST,2,EXPRESS,3222.0,93041.0,No Loop,27,93041,13.5,1902,1926,-,-,-,-
393,196A,SBST,1,TRUNK,84009.0,3218.0,No Loop,34,03218,15.7,0724,1129,-,-,-,-
394,196,SBST,2,TRUNK,17009.0,84009.0,No Loop,66,84009,31.1,0727,0113,0719,0115,0712,0111
395,195A,SBST,1,TRUNK,2099.0,10169.0,C'wealth Ave,57,10169,22.7,0713,2029,-,-,-,-
396,195,SBST,1,TRUNK,2099.0,2089.0,C'wealth Ave,70,02089,28.6,0643,0104,0650,0102,0648,0055
397,194,SBST,1,TRUNK,22009.0,22009.0,Jln Ahmad Ibrahim,18,22009,9.0,0613,0019,0613,0015,0611,0015
398,193,SBST,2,TRUNK,25009.0,22009.0,No Loop,43,22009,16.2,0633,0038,0741,0036,0730,0039
399,192,SBST,2,TRUNK,25009.0,22009.0,No Loop,33,22009,13.0,0610,0032,0608,0030,0607,0030
400,191,SBST,1,TRUNK,11379.0,11379.0,Media Circle,20,11379,7.5,0659,2030,0656,2024,0654,2024
401,19,SBST,1,TRUNK,75009.0,75009.0,Airport Cargo Rd,60,75009,21.8,0642,2126,0634,2119,0634,2120
402,186,SBST,2,TRUNK,52499.0,3239.0,No Loop,46,03239,17.6,0640,0034,0635,0036,0633,0036
403,185,SBST,2,TRUNK,11379.0,22199.0,No Loop,37,22199,18.1,0642,2356,0656,2357,0655,2350
404,182M,SBST,1,TRUNK,24009.0,24009.0,Tuas Sth Ave 9,59,24009,29.1,1039,0028,1040,0031,1043,0037
405,182,SBST,1,TRUNK,24009.0,24009.0,Tuas Sth Ave 9,60,24009,29.9,0708,2315,0701,2317,0704,2323
406,181M,SBST,1,TRUNK,22009.0,22009.0,Jurong West St 23,18,22009,7.3,0712,0828,-,-,-,-
407,181,SBST,1,TRUNK,22009.0,22009.0,Jurong West Ave 3,18,22009,6.2,0533,0100,0542,0051,0545,0055
408,18,SBST,1,TRUNK,75019.0,75019.0,Bedok Nth Dr,47,75019,19.0,0602,0111,0605,0112,0635,0112
409,179A,SBST,1,TRUNK,22009.0,22009.0,Nanyang Dr,24,22009,9.6,0806,2026,-,-,-,-
410,179,SBST,1,TRUNK,22009.0,22009.0,Nanyang Dr,24,22009,9.6,0528,0035,0526,0037,0527,0055
411,175,SBST,2,TRUNK,80009.0,17009.0,No Loop,65,17009,24.8,0646,0047,0723,0044,0713,0037
412,174e,SBST,2,EXPRESS,10499.0,22009.0,No Loop,61,22009,28.9,1938,2029,-,-,-,-
413,174,SBST,2,TRUNK,10499.0,22009.0,No Loop,69,22009,28.8,0648,0103,0642,0114,0657,0057
414,170X,SBST,2,TRUNK,47711.0,45139.0,No Loop,8,45139,11.4,0603,0045,0559,0044,0556,0039
415,170A,SBST,1,TRUNK,1109.0,46069.0,No Loop,62,46069,23.5,0704,0052,0701,0054,0654,0053
416,170,SBST,2,TRUNK,46239.0,1109.0,No Loop,66,01109,34.0,0632,0210,0557,0158,0631,0140
417,168,SBST,2,TRUNK,46009.0,84009.0,No Loop,26,84009,30.0,0638,0032,0631,0030,0658,0024
418,166,SBST,2,TRUNK,17009.0,54009.0,No Loop,68,54009,28.8,0622,0112,0703,0130,0705,0112
419,165,SBST,2,TRUNK,17009.0,64009.0,No Loop,57,64009,23.7,0708,0113,0706,0115,0703,0116
420,163A,SBST,1,TRUNK,67009.0,67651.0,No Loop,17,67651,5.6,0004,0053,0006,0055,0004,0052
421,163,SBST,2,TRUNK,52009.0,67009.0,No Loop,47,67009,19.3,0548,0025,0636,0020,0654,0018
422,162M,SBST,1,TRUNK,55509.0,55509.0,Temasek Ave,97,55509,39.0,2036,0127,1559,0138,0630,0134
423,162,SBST,2,TRUNK,3239.0,55509.0,No Loop,52,55509,21.8,0637,2057,0632,1606,-,-
424,161,SBST,2,TRUNK,46009.0,64009.0,No Loop,25,64009,23.6,0643,0024,0650,0024,0652,0021
425,160A,SBST,1,TRUNK,28009.0,43671.0,No Loop,13,43671,4.5,0617,2038,-,-,-,-
426,160,SBST,1,TRUNK,28009.0,28009.0,Jln Jim Quee,84,28009,48.7,0645,0127,0639,0121,0639,0123
427,16,SBST,2,TRUNK,10009.0,84009.0,No Loop,45,84009,21.5,0625,0050,0652,0100,0653,0100
428,159B,SBST,1,TRUNK,54391.0,54481.0,No Loop,5,54481,1.6,0644,0833,-,-,-,-
429,159A,SBST,1,TRUNK,67009.0,54399.0,No Loop,25,54399,8.0,0657,1755,-,-,-,-
430,159,SBST,2,TRUNK,52009.0,67009.0,No Loop,40,67009,16.5,0638,0033,0633,0037,0630,0032
431,158A,SBST,1,TRUNK,81089.0,81081.0,Rhu Cross,27,81081,11.1,0723,1553,-,-,-,-
432,158,SBST,1,TRUNK,66009.0,66009.0,Rhu Cross,68,66009,25.4,0641,0048,0630,0046,0652,0047
433,157,SBST,2,TRUNK,22009.0,52009.0,No Loop,56,52009,24.7,0652,0104,0637,0104,0658,0103
434,156,SBST,2,TRUNK,17009.0,67009.0,No Loop,60,67009,26.0,0636,0035,0638,0034,0709,0034
435,155,SBST,2,TRUNK,84009.0,52009.0,No Loop,56,52009,22.0,0621,0038,0615,0033,0649,0033
436,154B,SBST,1,TRUNK,22009.0,12101.0,No Loop,32,12101,14.6,0700,0922,-,-,-,-
437,154A,SBST,1,TRUNK,21551.0,28091.0,No Loop,9,28091,31.9,0613,0830,-,-,-,-
438,154,SBST,2,TRUNK,82009.0,22009.0,No Loop,74,22009,33.8,0612,0053,0629,0051,0655,0052
439,153,SBST,2,TRUNK,64009.0,10009.0,No Loop,45,10009,20.5,0602,0044,0600,0045,0559,0043
440,151e,SBST,2,EXPRESS,16009.0,64009.0,No Loop,53,64009,25.7,1921,1952,-,-,-,-
441,151,SBST,2,TRUNK,16009.0,64009.0,No Loop,53,64009,25.7,0704,0003,0732,0004,0727,2359
442,150,SBST,1,TRUNK,82009.0,82009.0,Marine Terr,21,82009,7.8,0623,0002,0618,0004,0618,0002
443,14e,SBST,2,EXPRESS,9048.0,84219.0,No Loop,37,84219,19.2,1919,1943,-,-,-,-
444,14A,SBST,1,TRUNK,84009.0,9059.0,No Loop,50,09059,20.1,-,-,-,-,0917,1750
445,147e,SBST,2,EXPRESS,17009.0,4222.0,No Loop,15,04222,14.0,0658,2246,0647,2249,0647,2250
446,147A,SBST,1,TRUNK,64009.0,5019.0,No Loop,47,05019,16.3,0832,1116,-,-,-,-
447,147,SBST,2,TRUNK,17009.0,64009.0,No Loop,71,64009,27.2,0631,0127,0626,0129,0642,0131
448,145A,SBST,1,TRUNK,10209.0,14249.0,No Loop,7,14249,1.8,0724,0925,-,-,-,-
449,145,SBST,2,TRUNK,11379.0,52009.0,No Loop,54,52009,21.5,0644,0039,0641,0105,0711,0035
450,142A,SBST,1,TRUNK,52009.0,60209.0,Potong Pasir Ave 1,16,60209,5.6,0655,0806,-,-,-,-
451,142,SBST,1,TRUNK,52009.0,52009.0,Potong Pasir Ave 1,21,52009,8.4,0603,0028,0604,0034,0604,0036
452,141,SBST,2,TRUNK,52009.0,80009.0,No Loop,26,80009,9.6,0638,0022,0637,0022,0638,0020
453,140,SBST,1,TRUNK,80009.0,80009.0,St. Wilfred Rd,23,80009,8.4,0616,2359,0613,0004,0614,2359
454,14,SBST,2,TRUNK,17009.0,84009.0,No Loop,74,84009,33.7,0640,0113,0635,0113,0644,0112
455,13A,SBST,1,TRUNK,54019.0,53231.0,No Loop,6,53231,2.1,0630,0946,-,-,-,-
456,139M,SBST,1,TRUNK,52009.0,52009.0,Jln Bahagia,16,52009,7.9,0604,2329,0611,2329,0609,2328
457,139,SBST,2,TRUNK,10009.0,52009.0,No Loop,41,52009,17.0,0617,0054,0628,0057,0624,0054
458,138B,SBST,1,TRUNK,54009.0,55121.0,No Loop,9,55121,2.8,1845,2109,-,-,-,-
459,138A,SBST,1,TRUNK,54009.0,48131.0,Mandai Lake Rd,30,48131,13.5,-,-,0912,1252,0901,1306
460,138,SBST,1,TRUNK,54009.0,54009.0,Mandai Lake Rd,59,54009,27.3,0650,0050,0647,0050,0706,0051
461,137A,SBST,1,TRUNK,84031.0,84451.0,No Loop,11,84451,4.3,0736,0826,-,-,-,-
462,137,SBST,2,TRUNK,94009.0,80289.0,No Loop,48,80289,18.9,0620,0035,0620,0034,0621,0038
463,135A,SBST,1,TRUNK,54009.0,93201.0,Siglap Rd,41,93201,16.5,2348,0021,2345,0036,2351,0038
464,135,SBST,1,TRUNK,54009.0,54009.0,Siglap Rd,82,54009,33.3,0645,0025,0641,0024,0658,0027
465,134,SBST,1,TRUNK,80289.0,80289.0,Marine Terr,39,80289,14.1,0615,0042,0608,0044,0607,0036
466,133,SBST,2,TRUNK,3239.0,54009.0,No Loop,43,54009,17.8,0654,0058,0648,0102,0647,0059
467,132,SBST,2,TRUNK,10009.0,64009.0,No Loop,55,64009,23.6,0646,0056,0653,0055,0652,0050
468,131M,SBST,1,TRUNK,10009.0,10009.0,Bt Purmei Ave,10,10009,4.2,0703,2004,-,-,-,-
469,131A,SBST,1,TRUNK,52499.0,3217.0,No Loop,31,03217,11.5,0731,0818,-,-,-,-
470,131,SBST,2,TRUNK,10009.0,52499.0,No Loop,48,52499,20.1,0636,0101,0639,0103,0652,0108
471,130A,SBST,1,TRUNK,54009.0,53189.0,No Loop,7,53189,3.1,1348,2333,0730,1729,0738,1659
472,130,SBST,2,TRUNK,3239.0,54009.0,No Loop,39,54009,16.1,0637,0029,0658,0028,0658,0027
473,13,SBST,2,TRUNK,94009.0,55509.0,No Loop,65,55509,24.7,0648,0033,0650,0034,0648,0032
474,129,SBST,2,TRUNK,52499.0,75019.0,No Loop,35,75019,20.7,0618,0037,0615,0035,0615,0032
475,128,SBST,2,TRUNK,3239.0,55009.0,No Loop,44,55009,19.4,1949,2004,-,-,-,-
476,127A,SBST,1,TRUNK,75009.0,75281.0,No Loop,5,75281,1.5,2353,0051,2355,0052,2353,0051
477,127,SBST,1,TRUNK,75009.0,75009.0,Tampines Ind Ave 5,21,75009,8.5,0551,0010,0552,0010,0552,0011
478,125A,SBST,1,TRUNK,81081.0,60219.0,No Loop,9,60219,2.4,0737,0829,-,-,-,-
479,125,SBST,1,TRUNK,52499.0,52499.0,Sims Dr,51,52499,17.9,0629,2400,0630,2359,0630,2359
480,124,SBST,2,TRUNK,14009.0,52499.0,No Loop,44,52499,17.6,0619,0106,0617,0100,0615,0101
481,123M,SBST,1,TRUNK,14009.0,14009.0,Tiong Bahru Rd,25,14009,10.6,0641,0043,0633,0047,0642,0045
482,123,SBST,2,TRUNK,14539.0,10009.0,No Loop,45,10009,19.8,0648,0044,0642,0050,0654,0047
483,122,SBST,1,TRUNK,10499.0,10499.0,C'wealth Dr,40,10499,16.6,0629,0026,0630,0027,0628,0023
484,121,SBST,1,TRUNK,10499.0,10499.0,Telok Blangah Rise,40,10499,15.3,0628,0031,0623,0031,0633,0030
485,120,SBST,1,TRUNK,10499.0,10499.0,Telok Blangah Hts,49,10499,19.7,0628,0042,0623,0038,0636,0038
486,117B,SBST,1,TRUNK,58009.0,59073.0,No Loop,9,59073,4.1,0726,0845,-,-,-,-
487,117A,SBST,1,TRUNK,59479.0,59041.0,No Loop,8,59041,3.3,0641,0654,-,-,-,-
488,117,SBST,2,TRUNK,58009.0,65009.0,No Loop,35,65009,20.2,0647,0028,0641,0029,0639,0027
489,116,SBST,1,TRUNK,64009.0,64009.0,S'goon Ctrl,37,64009,13.0,0637,0017,0634,0017,0632,0016
490,115,SBST,1,TRUNK,63221.0,63221.0,Hougang Ave 3,13,63221,4.7,0738,1837,0738,1837,0738,1837
491,113A,SBST,1,TRUNK,63039.0,63031.0,Upp Paya Lebar Rd,20,63031,6.8,0657,2000,-,-,-,-
492,113,SBST,1,TRUNK,64009.0,64009.0,Upp Paya Lebar Rd,44,64009,16.7,0546,0107,0547,0109,0546,0106
493,112A,SBST,1,TRUNK,64009.0,63031.0,No Loop,12,63031,4.9,0033,0046,0033,0048,0031,0047
494,112,SBST,1,TRUNK,64009.0,64009.0,Hougang St 92,47,64009,18.3,0556,0059,0554,0102,0554,0058
495,111,SBST,1,TRUNK,11009.0,11009.0,Temasek Ave,54,11009,22.8,0630,0116,0631,0120,0659,0111
496,11,SBST,1,TRUNK,80009.0,80009.0,Rhu Cross,23,80009,10.5,0615,0004,0615,0003,0615,0003
497,10e,SBST,2,EXPRESS,3222.0,85041.0,No Loop,29,85041,16.9,1909,1938,-,-,-,-
498,109A,SBST,1,TRUNK,66009.0,64611.0,No Loop,15,64611,5.2,1839,2037,-,-,-,-
499,109,SBST,2,TRUNK,99009.0,66009.0,No Loop,51,66009,22.1,0538,0033,0552,0038,0553,0034
500,107M,SBST,1,TRUNK,64009.0,64009.0,Raffles Blvd,70,64009,26.3,2109,0041,1521,0047,0711,0035
501,107,SBST,2,TRUNK,3239.0,64009.0,No Loop,42,64009,16.6,0643,2049,0640,1514,-,-
502,105B,SBST,1,TRUNK,28009.0,17179.0,No Loop,14,17179,5.5,0722,0752,-,-,-,-
503,105,SBST,2,TRUNK,28009.0,66009.0,No Loop,58,66009,25.8,0616,0101,0615,0108,0615,0053
504,103,SBST,2,TRUNK,59009.0,66009.0,No Loop,44,66009,18.1,0600,0051,0556,0054,0615,0050
505,102,SBST,1,TRUNK,64009.0,64009.0,Seletar Aerospace Avenue,50,64009,23.3,0630,0043,0627,0042,0626,0042
506,101,SBST,1,TRUNK,66009.0,66009.0,Buangkok Link,46,66009,15.5,0606,0059,0603,0101,0604,0100
507,100A,SBST,1,TRUNK,66009.0,81089.0,No Loop,13,81089,4.7,0659,1955,-,-,-,-
508,100,SBST,2,TRUNK,11009.0,66009.0,No Loop,54,66009,23.3,0705,0107,0720,0108,0708,0108
509,10,SBST,2,TRUNK,16009.0,75009.0,No Loop,74,75009,31.9,0707,0120,0730,0120,0739,0116
510,85A,GAS,1,TRUNK,59009.0,67441.0,No Loop,21,67441,12.5,1842,1921,-,-,-,-
511,85,GAS,2,TRUNK,59009.0,65009.0,No Loop,33,65009,18.3,0654,0022,0645,0017,0642,0015
512,84,GAS,1,TRUNK,65009.0,65009.0,Punggol Rd,19,65009,8.9,0545,0113,0550,0111,0550,0111
513,83,GAS,1,TRUNK,65009.0,65009.0,Sengkang Sq,31,65009,13.5,0538,0056,0537,0054,0538,0056
514,82,GAS,1,TRUNK,65009.0,65009.0,S'goon Ctrl,43,65009,17.5,0617,0125,0613,0130,0611,0124
515,68,GAS,1,TRUNK,77009.0,77009.0,Tampines Ctrl 1,42,77009,13.9,0558,0042,0559,0043,0558,0043
516,661,GAS,2,EXPRESS,3539.0,78119.0,No Loop,16,78119,24.8,1910,1925,-,-,-,-
517,62A,GAS,1,TRUNK,65009.0,81089.0,Sims Ave,41,81089,16.0,1912,2100,-,-,-,-
518,62,GAS,1,TRUNK,65009.0,65009.0,Sims Ave,88,65009,35.3,0640,0134,0705,0130,0708,0130
519,6,GAS,1,TRUNK,77009.0,77009.0,Loyang Cres,32,77009,11.6,0700,2011,0655,1538,-,-
520,518A,GAS,1,EXPRESS,77009.0,3519.0,No Loop,41,03519,32.6,0829,0859,-,-,-,-
521,518,GAS,1,EXPRESS,77009.0,77009.0,Bayfront Ave,91,77009,59.9,0837,0121,0826,0130,0917,0127
522,43M,GAS,1,TRUNK,65009.0,65009.0,S'goon Ctrl,48,65009,19.0,0700,0010,0646,0008,0646,0013
523,43,GAS,2,TRUNK,94009.0,65009.0,No Loop,63,65009,23.7,0635,0058,0654,0055,0653,0056
524,403,GAS,1,TRUNK,77009.0,77009.0,Pasir Ris Rd,24,77009,7.9,0628,0035,0631,0030,0630,0029
525,3B,GAS,1,TRUNK,77289.0,77009.0,No Loop,11,77009,11.8,0515,0110,0515,0110,0515,0110
526,3A,GAS,1,TRUNK,75009.0,77331.0,No Loop,28,77331,10.4,0546,0116,0555,0116,0556,0116
527,386A,GAS,1,FEEDER,65009.0,65371.0,No Loop,7,65371,2.9,1716,2027,-,-,-,-
528,386,GAS,1,FEEDER,65009.0,65009.0,Punggol Ctrl,20,65009,9.3,0539,0109,0539,0109,0553,0109
529,382W,GAS,1,FEEDER,65009.0,65009.0,Sumang Walk,13,65009,5.3,0544,0054,0543,0057,0546,0057
530,382G,GAS,1,FEEDER,65009.0,65009.0,Sumang Walk,13,65009,5.3,0536,0057,0538,0055,0539,0056
531,381,GAS,1,FEEDER,65009.0,65009.0,Punggol East,28,65009,10.5,0546,0120,0546,0117,0546,0117
532,36B,GAS,1,TRUNK,93049.0,93199.0,Tomlinson Rd,56,93199,40.4,0945,1924,-,-,-,-
533,36A,GAS,1,TRUNK,95129.0,9191.0,Tomlinson Rd,33,09191,25.6,2352,0050,2359,0101,2359,0053
534,36,GAS,1,TRUNK,95129.0,95129.0,Tomlinson Rd,67,95129,52.7,0606,0048,0604,0106,0611,0046
535,359,GAS,1,TOWNLINK,77009.0,77009.0,Pasir Ris St 11,33,77009,12.7,0558,0113,0553,0116,0609,0119
536,358,GAS,1,TOWNLINK,77009.0,77009.0,Pasir Ris Dr 4,23,77009,8.9,0520,0109,0540,0108,0547,0105
537,354,GAS,1,FEEDER,77009.0,77009.0,Jln Loyang Besar,12,77009,4.5,0540,0108,0618,0109,0622,0110
538,34B,GAS,1,TRUNK,75359.0,75351.0,No Loop,46,75351,35.3,0724,1958,-,-,-,-
539,34A,GAS,1,TRUNK,65009.0,76059.0,PTB2 Basement,15,76059,9.1,0615,1035,-,-,-,-
540,34,GAS,1,TRUNK,65009.0,65009.0,PTB2 Basement,56,65009,40.9,0709,0135,0659,0124,0707,0130
541,3,GAS,2,TRUNK,65009.0,75009.0,No Loop,41,75009,19.7,0547,0137,0544,0137,0542,0134
542,2A,GAS,1,TRUNK,10499.0,85091.0,No Loop,34,85091,15.4,0722,2009,-,-,-,-
543,2,GAS,2,TRUNK,10499.0,99009.0,No Loop,62,99009,26.4,0550,0118,0549,0120,0657,0117
544,17A,GAS,1,TRUNK,84009.0,84591.0,Bedok Nth Dr,10,84591,16.4,0631,0024,0628,2326,0621,2321
545,17,GAS,2,TRUNK,84009.0,77009.0,No Loop,29,77009,12.3,0611,0105,0612,0110,0611,0105
546,15A,GAS,1,TRUNK,77009.0,83109.0,Marine Parade Rd,26,83109,12.8,0828,1047,-,-,-,-
547,15,GAS,1,TRUNK,77009.0,77009.0,Marine Parade Rd,71,77009,33.0,0652,0039,0636,0039,0635,0037
548,136,GAS,2,TRUNK,65009.0,54009.0,No Loop,41,54009,16.9,0643,0039,0645,0045,0654,0044
549,12e,GAS,2,EXPRESS,10499.0,77009.0,No Loop,36,77009,25.6,0851,0042,0842,0036,0842,0036
550,12,GAS,2,TRUNK,10499.0,77009.0,No Loop,63,77009,25.7,0700,0125,0718,0124,0732,0123
551,119,GAS,1,TRUNK,65009.0,65009.0,Hougang St 21,48,65009,18.3,0607,0037,0613,0036,0702,0032
552,118B,GAS,1,TRUNK,96111.0,65191.0,No Loop,16,65191,13.4,1644,1749,-,-,-,-
553,118A,GAS,1,TRUNK,65199.0,96119.0,No Loop,16,96119,13.1,0734,0841,-,-,-,-
554,118,GAS,2,TRUNK,97009.0,65009.0,No Loop,25,65009,16.4,0537,0011,0535,0011,0534,0011
